item_id,abc_class,revenue_CA3,revenue_CA4,revenue_gap,avg_daily_demand,inventory_risk_score,risk_category,actual_30d_units,predicted_30d_units,forecast_gap,recommendation
FOODS_3_120,A,152162.9,8291.7,143871.2,25.6,1.397,High Risk,7914.0,7682.18,-231.82,Critical Opportunity
FOODS_3_090,A,53675.24,14039.86,39635.38,46.6,1.525,High Risk,17210.0,16666.73,-543.27,Critical Opportunity
FOODS_3_586,A,45119.76,6985.44,38134.32,45.23,1.51,High Risk,12535.0,12783.58,248.58,Critical Opportunity
HOBBIES_1_354,A,58047.48,20176.44,37871.04,5.95,1.274,High Risk,1602.0,1613.56,11.56,Critical Opportunity
HOUSEHOLD_1_053,A,40883.07,8817.33,32065.74,2.91,1.245,Medium Risk,1012.0,1016.05,4.05,Store Growth Opportunity
HOUSEHOLD_1_106,A,34175.36,4810.53,29364.83,4.7,1.256,High Risk,1669.0,1646.1,-22.9,High Priority
HOBBIES_1_158,A,35458.14,10088.22,25369.92,5.16,1.267,High Risk,1633.0,1660.06,27.06,High Priority
HOUSEHOLD_1_535,A,28137.89,3715.01,24422.88,3.68,1.256,High Risk,1495.0,1394.52,-100.48,High Priority
FOODS_3_282,A,32321.84,8655.58,23666.26,17.72,1.337,High Risk,6010.0,6230.43,220.43,High Priority
FOODS_3_499,A,29315.26,6104.4,23210.86,13.66,1.311,High Risk,3379.0,3154.29,-224.71,High Priority
HOUSEHOLD_1_494,A,27496.5,4630.57,22865.93,3.04,1.249,High Risk,963.0,981.12,18.12,High Priority
HOUSEHOLD_1_110,A,29204.35,7331.8,21872.55,11.29,1.293,High Risk,3594.0,3469.02,-124.98,High Priority
FOODS_3_252,A,26444.46,5427.3,21017.16,30.83,1.42,High Risk,8755.0,9018.24,263.24,High Priority
HOUSEHOLD_1_072,A,21418.32,2641.38,18776.94,3.25,1.247,Medium Risk,848.0,893.66,45.66,Store Growth Opportunity
HOUSEHOLD_1_096,A,21570.14,3196.3,18373.84,6.03,1.264,High Risk,2016.0,2091.37,75.37,High Priority
FOODS_3_202,A,35681.8,17405.26,18276.54,16.44,1.33,High Risk,5852.0,5688.93,-163.07,High Priority
FOODS_3_587,A,30491.6,12881.12,17610.48,25.15,1.376,High Risk,7445.0,7608.85,163.85,High Priority
HOUSEHOLD_1_497,A,21297.96,4105.68,17192.28,2.07,1.243,Medium Risk,577.0,580.17,3.17,Store Growth Opportunity
HOUSEHOLD_1_029,A,17674.74,800.36,16874.38,1.53,1.269,High Risk,495.0,471.56,-23.44,High Priority
HOUSEHOLD_1_506,A,17522.08,896.28,16625.8,3.09,1.263,High Risk,862.0,843.7,-18.3,High Priority
HOUSEHOLD_1_413,A,21761.67,6145.74,15615.93,1.33,1.242,Medium Risk,412.0,387.84,-24.16,Store Growth Opportunity
FOODS_3_362,A,20065.98,4548.94,15517.04,10.18,1.297,High Risk,4391.0,4637.73,246.73,High Priority
HOUSEHOLD_1_040,A,17011.66,1642.34,15369.32,3.89,1.251,High Risk,1281.0,1238.33,-42.67,High Priority
FOODS_3_555,A,18169.2,2998.8,15170.4,22.68,1.364,High Risk,7332.0,7422.53,90.53,High Priority
HOUSEHOLD_1_514,A,17723.55,2618.11,15105.44,5.55,1.26,High Risk,1804.0,1799.39,-4.61,High Priority
HOUSEHOLD_1_272,A,18589.72,3668.96,14920.76,1.75,1.264,High Risk,1174.0,1071.02,-102.98,Inventory Attention
FOODS_3_288,A,18265.5,3381.0,14884.5,13.09,1.313,High Risk,5170.0,5100.48,-69.52,Inventory Attention
HOUSEHOLD_1_537,A,14836.13,111.79,14724.34,1.11,1.242,Medium Risk,273.0,287.14,14.14,Monitor
HOUSEHOLD_1_140,A,18577.77,4341.3,14236.47,1.37,1.24,Medium Risk,485.0,471.21,-13.79,Monitor
FOODS_3_329,A,16407.88,2366.12,14041.76,7.18,1.289,High Risk,4405.0,4391.49,-13.51,Inventory Attention
FOODS_2_244,A,26296.38,12420.54,13875.84,3.87,1.26,High Risk,1145.0,1146.23,1.23,Inventory Attention
FOODS_3_083,A,21989.02,8540.88,13448.14,1.63,1.244,Medium Risk,539.0,518.01,-20.99,Monitor
HOUSEHOLD_1_469,A,19461.51,6073.86,13387.65,1.12,1.244,Medium Risk,438.0,400.37,-37.63,Monitor
FOODS_3_607,A,18110.02,4742.52,13367.5,10.21,1.291,High Risk,2798.0,3089.48,291.48,Inventory Attention
HOUSEHOLD_1_344,A,13631.67,729.56,12902.11,2.0,1.251,High Risk,500.0,515.19,15.19,Inventory Attention
HOUSEHOLD_1_328,A,14508.76,1811.84,12696.92,2.92,1.255,High Risk,1218.0,1277.78,59.78,Inventory Attention
HOUSEHOLD_1_102,A,17862.18,5373.03,12489.15,1.15,1.243,Medium Risk,441.0,402.32,-38.68,Monitor
HOUSEHOLD_1_205,A,12901.68,582.12,12319.56,1.65,1.254,High Risk,407.0,419.22,12.22,Inventory Attention
FOODS_3_681,A,14678.5,2962.75,11715.75,17.16,1.341,High Risk,6464.0,6493.63,29.63,Inventory Attention
FOODS_3_511,A,16837.6,5528.12,11309.48,4.9,1.272,High Risk,2747.0,2805.02,58.02,Inventory Attention
FOODS_3_804,A,14524.88,3440.4,11084.48,12.28,1.303,High Risk,3727.0,3816.77,89.77,Inventory Attention
FOODS_3_233,A,13562.84,2667.82,10895.02,5.5,1.272,High Risk,2423.0,2556.51,133.51,Inventory Attention
FOODS_2_368,A,12371.64,1581.87,10789.77,4.13,1.256,High Risk,1191.0,1166.19,-24.81,Inventory Attention
FOODS_2_029,A,13792.36,3003.98,10788.38,1.61,1.262,High Risk,1121.0,1067.82,-53.18,Inventory Attention
HOUSEHOLD_1_051,A,11911.04,1272.8,10638.24,6.09,1.263,High Risk,1795.0,1761.12,-33.88,Inventory Attention
HOUSEHOLD_1_310,A,12706.31,2118.88,10587.43,2.46,1.244,Medium Risk,353.0,438.73,85.73,Monitor
HOUSEHOLD_1_440,A,15329.28,5059.86,10269.42,1.27,1.24,Medium Risk,537.0,515.38,-21.62,Monitor
FOODS_3_455,A,13021.8,2818.54,10203.26,6.82,1.273,High Risk,1909.0,2053.54,144.54,Inventory Attention
FOODS_3_714,A,17692.84,7508.16,10184.68,19.21,1.339,High Risk,5991.0,6114.45,123.45,Inventory Attention
FOODS_3_695,A,15820.5,5651.6,10168.9,4.99,1.258,High Risk,1808.0,1631.27,-176.73,Inventory Attention
